repetition,mode,agent,t_fault_ms,t_fault_done_ms,last_heartbeat_ms,heartbeats_after_fault,heartbeat_age_at_fault_s,t_restore_ms,t_restore_done_ms,first_heartbeat_after_restore_ms,snapshot_offline_ms,snapshot_online_ms,loki_down_ms,loki_down_prev_ms,panel_down_ms,panel_down_prev_ms,loki_up_ms,loki_up_prev_ms,panel_up_ms,panel_up_prev_ms,det_model_s,det_snapshot_s,det_loki_s,det_panel_s,lag_snapshot_down_s,lag_loki_down_s,lag_panel_down_s,rec_agent_wait_s,rec_snapshot_s,rec_loki_s,rec_panel_s,lag_snapshot_up_s,lag_loki_up_s,lag_panel_up_s
1,kill,exp-1,1790413037230,1790413037404,1790413008538,0,28.692,1790413169608,1790413169726,1790413169860,1790413143663,1790413175522,1790413129076,1790413127064,1790413129076,1790413127064,1790413171737,1790413169726,1790413171737,1790413169726,91.308,106.433,91.846,91.846,15.125,0.538,0.538,0.252,5.914,2.129,2.129,5.662,1.877,1.877
2,kill,exp-1,1790413250433,1790413250610,1790413233748,0,16.685,1790413415715,1790413415839,1790413415974,1790413366895,1790413430656,1790413354283,1790413352272,1790413354283,1790413352272,1790413417851,1790413415839,1790413417851,1790413415839,103.315,116.462,103.85,103.85,13.147,0.535,0.535,0.259,14.941,2.136,2.136,14.682,1.877,1.877
3,kill,exp-1,1790413533293,1790413533468,1790413479891,0,53.402,1790413667347,1790413667455,1790413667588,1790413622026,1790413685795,1790413601282,1790413599272,1790413599284,1790413597272,1790413669467,1790413667455,1790413669467,1790413667455,66.598,88.733,67.989,65.991,22.135,1.391,-0.607,0.241,18.448,2.12,2.12,18.207,1.879,1.879
4,kill,exp-1,1790413761309,1790413761506,1790413731524,0,29.785,1790413904630,1790413904773,1790413904919,1790413877247,1790413909152,1790413853194,1790413851182,1790413851193,1790413849182,1790413906784,1790413904773,1790413906784,1790413904773,90.215,115.938,91.885,89.884,25.723,1.67,-0.331,0.289,4.522,2.154,2.154,4.233,1.865,1.865
5,kill,exp-1,1790413987629,1790413987816,1790413968802,0,18.827,1790414142935,1790414143054,1790414143191,1790414100617,1790414164482,1790414089547,1790414087535,1790414089547,1790414087535,1790414145068,1790414143054,1790414145068,1790414143054,101.173,112.988,101.918,101.918,11.815,0.745,0.745,0.256,21.547,2.133,2.133,21.291,1.877,1.877
6,kill,exp-1,1790414225063,1790414225248,1790414207129,0,17.934,1790414361449,1790414361570,1790414361708,1790414356006,1790414387956,1790414328907,1790414324931,1790414328907,1790414324931,1790414363581,1790414361570,1790414363581,1790414361570,102.066,130.943,103.844,103.844,28.877,1.778,1.778,0.259,26.507,2.132,2.132,26.248,1.873,1.873
7,kill,exp-1,1790414489120,1790414489301,1790414425666,0,63.454,1790414589190,1790414589358,1790414589542,1790414547651,1790414611493,1790414547244,1790414545231,1790414545243,1790414543231,1790414591371,1790414589358,1790414591371,1790414589358,56.546,58.531,58.124,56.123,1.985,1.578,-0.423,0.352,22.303,2.181,2.181,21.951,1.829,1.829
8,kill,exp-1,1790414655320,1790414655501,1790414653520,0,1.8,1790414865567,1790414865698,1790414865840,1790414803115,1790414866952,1790414775219,1790414771281,1790414775219,1790414771281,1790414867710,1790414865698,1790414867710,1790414865698,118.2,147.795,119.899,119.899,29.595,1.699,1.699,0.273,1.385,2.143,2.143,1.112,1.87,1.87
9,kill,exp-1,1790414984442,1790414984601,1790414929827,0,54.615,1790415121661,1790415121778,1790415121914,1790415058613,1790415122536,1790415050478,1790415048465,1790415050478,1790415048465,1790415123789,1790415121778,1790415123789,1790415121778,65.385,74.171,66.036,66.036,8.786,0.651,0.651,0.253,0.875,2.128,2.128,0.622,1.875,1.875
10,kill,exp-1,1790415206545,1790415206706,1790415185906,0,20.639,1790415364639,1790415364746,1790415364879,1790415314206,1790415378140,1790415306535,1790415304525,1790415306535,1790415304525,1790415366756,1790415364746,1790415366756,1790415364746,99.361,107.661,99.99,99.99,8.3,0.629,0.629,0.24,13.501,2.117,2.117,13.261,1.877,1.877
