condition,agent,start_ms,end_ms,rc,duration_ms,heartbeat_ms
baseline,exp-1,1790424365999,1790424366125,0,126,1790424366121
baseline,exp-1,1790424429250,1790424429385,0,135,1790424429381
baseline,exp-1,1790424493590,1790424493711,0,121,1790424493707
baseline,exp-1,1790424557835,1790424557958,0,123,1790424557954
baseline,exp-1,1790424622093,1790424622214,0,121,1790424622210
baseline,exp-1,1790424686381,1790424686499,0,118,1790424686495
baseline,exp-1,1790424750740,1790424750865,0,125,1790424750861
baseline,exp-1,1790424815036,1790424815152,0,116,1790424815148
baseline,exp-1,1790424879394,1790424879521,0,127,1790424879516
baseline,exp-1,1790424943714,1790424943832,0,118,1790424943828
baseline,exp-2,1790424366321,1790424366436,0,115,1790424366432
baseline,exp-2,1790424430554,1790424430674,0,120,1790424430670
baseline,exp-2,1790424494880,1790424495001,0,121,1790424494996
baseline,exp-2,1790424558125,1790424558244,0,119,1790424558239
baseline,exp-2,1790424622379,1790424622497,0,118,1790424622493
baseline,exp-2,1790424686664,1790424686782,0,118,1790424686778
baseline,exp-2,1790424751024,1790424751144,0,120,1790424751140
baseline,exp-2,1790424815315,1790424815431,0,116,1790424815427
baseline,exp-2,1790424879671,1790424879792,0,121,1790424879787
baseline,exp-2,1790424943985,1790424944108,0,123,1790424944104
baseline,exp-3,1790424367866,1790424367988,0,122,1790424367984
baseline,exp-3,1790424432106,1790424432225,0,119,1790424432221
baseline,exp-3,1790424496430,1790424496549,0,119,1790424496545
baseline,exp-3,1790424560673,1790424560793,0,120,1790424560789
baseline,exp-3,1790424624929,1790424625048,0,119,1790424625043
baseline,exp-3,1790424688214,1790424688330,0,116,1790424688326
baseline,exp-3,1790424752571,1790424752690,0,119,1790424752686
baseline,exp-3,1790424816861,1790424816976,0,115,1790424816972
baseline,exp-3,1790424881217,1790424881336,0,119,1790424881333
baseline,exp-3,1790424945530,1790424945650,0,120,1790424945645
baseline,exp-4,1790424367522,1790424367643,0,121,1790424367640
baseline,exp-4,1790424431763,1790424431883,0,120,1790424431878
baseline,exp-4,1790424496088,1790424496208,0,120,1790424496204
baseline,exp-4,1790424560332,1790424560454,0,122,1790424560450
baseline,exp-4,1790424624589,1790424624706,0,117,1790424624701
baseline,exp-4,1790424688872,1790424688985,0,113,1790424688981
baseline,exp-4,1790424753227,1790424753350,0,123,1790424753346
baseline,exp-4,1790424817521,1790424817640,0,119,1790424817636
baseline,exp-4,1790424881880,1790424881993,0,113,1790424881989
baseline,exp-4,1790424946186,1790424946302,0,116,1790424946299
baseline,exp-5,1790424365013,1790424365133,0,120,1790424365129
baseline,exp-5,1790424429252,1790424429389,0,137,1790424429386
baseline,exp-5,1790424493594,1790424493715,0,121,1790424493712
baseline,exp-5,1790424557839,1790424557963,0,124,1790424557959
baseline,exp-5,1790424622098,1790424622219,0,121,1790424622215
baseline,exp-5,1790424686385,1790424686504,0,119,1790424686500
baseline,exp-5,1790424750745,1790424750869,0,124,1790424750866
baseline,exp-5,1790424815040,1790424815157,0,117,1790424815153
baseline,exp-5,1790424879398,1790424879526,0,128,1790424879522
baseline,exp-5,1790424943718,1790424943835,0,117,1790424943832
delay50,exp-1,1790425072366,1790425073673,0,1307,1790425073619
delay50,exp-1,1790425136908,1790425138219,0,1311,1790425138165
delay50,exp-1,1790425200428,1790425201737,0,1309,1790425201683
delay50,exp-1,1790425264964,1790425266272,0,1308,1790425266218
delay50,exp-1,1790425328466,1790425329781,0,1315,1790425329727
delay50,exp-1,1790425392962,1790425394274,0,1312,1790425394219
delay50,exp-1,1790425456546,1790425457854,0,1308,1790425457800
delay50,exp-1,1790425521125,1790425522437,0,1312,1790425522383
delay50,exp-1,1790425585654,1790425586973,0,1319,1790425586919
delay50,exp-2,1790425071635,1790425072939,0,1304,1790425072885
delay50,exp-2,1790425136174,1790425137483,0,1309,1790425137429
delay50,exp-2,1790425200692,1790425201999,0,1307,1790425201945
delay50,exp-2,1790425264225,1790425265538,0,1313,1790425265484
delay50,exp-2,1790425328732,1790425330044,0,1312,1790425329990
delay50,exp-2,1790425392225,1790425393537,0,1312,1790425393483
delay50,exp-2,1790425456809,1790425458119,0,1310,1790425458064
delay50,exp-2,1790425520389,1790425521700,0,1311,1790425521645
delay50,exp-2,1790425584916,1790425586231,0,1315,1790425586177
delay50,exp-3,1790425074179,1790425075486,0,1307,1790425075432
delay50,exp-3,1790425138720,1790425140030,0,1310,1790425139977
delay50,exp-3,1790425202239,1790425203547,0,1308,1790425203492
delay50,exp-3,1790425266772,1790425268078,0,1306,1790425268024
delay50,exp-3,1790425330271,1790425331579,0,1308,1790425331525
delay50,exp-3,1790425394760,1790425396070,0,1310,1790425396016
delay50,exp-3,1790425458342,1790425459649,0,1307,1790425459594
delay50,exp-3,1790425522920,1790425524229,0,1309,1790425524175
delay50,exp-3,1790425586444,1790425587761,0,1317,1790425587706
delay50,exp-4,1790425074833,1790425076140,0,1307,1790425076086
delay50,exp-4,1790425138374,1790425139681,0,1307,1790425139627
delay50,exp-4,1790425202889,1790425204200,0,1311,1790425204146
delay50,exp-4,1790425266427,1790425267738,0,1311,1790425267684
delay50,exp-4,1790425330931,1790425332237,0,1306,1790425332182
delay50,exp-4,1790425394419,1790425395730,0,1311,1790425395676
delay50,exp-4,1790425459002,1790425460309,0,1307,1790425460254
delay50,exp-4,1790425523580,1790425524887,0,1307,1790425524833
delay50,exp-4,1790425588104,1790425589415,0,1311,1790425589361
delay50,exp-5,1790425072369,1790425073678,0,1309,1790425073624
delay50,exp-5,1790425136912,1790425138223,0,1311,1790425138169
delay50,exp-5,1790425200431,1790425201742,0,1311,1790425201688
delay50,exp-5,1790425264967,1790425266276,0,1309,1790425266223
delay50,exp-5,1790425328469,1790425329784,0,1315,1790425329731
delay50,exp-5,1790425392965,1790425394279,0,1314,1790425394225
delay50,exp-5,1790425456550,1790425457859,0,1309,1790425457804
delay50,exp-5,1790425521129,1790425522442,0,1313,1790425522388
delay50,exp-5,1790425585657,1790425586978,0,1321,1790425586923
loss1,exp-1,1790425714649,1790425714785,0,136,1790425714781
loss1,exp-1,1790425779021,1790425779142,0,121,1790425779137
loss1,exp-1,1790425843365,1790425843491,0,126,1790425843487
loss1,exp-1,1790425907745,1790425908184,0,439,1790425908180
loss1,exp-1,1790425971455,1790425971584,0,129,1790425971580
loss1,exp-1,1790426035834,1790426036355,0,521,1790426036351
loss1,exp-1,1790426099611,1790426099729,0,118,1790426099725
loss1,exp-1,1790426163963,1790426164074,0,111,1790426164070
loss1,exp-1,1790426227338,1790426227460,0,122,1790426227455
loss1,exp-2,1790425712909,1790425713026,0,117,1790425713022
loss1,exp-2,1790425776263,1790425776401,0,138,1790425776396
loss1,exp-2,1790425840624,1790425840746,0,122,1790425840742
loss1,exp-2,1790425905001,1790425905139,0,138,1790425905135
loss1,exp-2,1790425968411,1790425968533,0,122,1790425968529
loss1,exp-2,1790426032785,1790426033908,0,1123,1790426033904
loss1,exp-2,1790426097164,1790426097286,0,122,1790426097283
loss1,exp-2,1790426161520,1790426162641,0,1121,1790426162637
loss1,exp-2,1790426225906,1790426226026,0,120,1790426226021
loss1,exp-3,1790425715426,1790425715747,0,321,1790425715743
loss1,exp-3,1790425779984,1790425780110,0,126,1790425780106
loss1,exp-3,1790425843333,1790425843463,0,130,1790425843459
loss1,exp-3,1790425907717,1790425908179,0,462,1790425908175
loss1,exp-3,1790425971451,1790425971576,0,125,1790425971572
loss1,exp-3,1790426035828,1790426035945,0,117,1790426035942
loss1,exp-3,1790426100201,1790426100315,0,114,1790426100311
loss1,exp-3,1790426164548,1790426164666,0,118,1790426164662
loss1,exp-3,1790426228931,1790426229054,0,123,1790426229050
loss1,exp-4,1790425717081,1790425717399,0,318,1790425717395
loss1,exp-4,1790425781636,1790425782781,0,1145,1790425782776
loss1,exp-4,1790425846005,1790425846122,0,117,1790425846118
loss1,exp-4,1790425910377,1790425910693,0,316,1790425910688
loss1,exp-4,1790425974965,1790425975081,0,116,1790425975078
loss1,exp-4,1790426038333,1790426038453,0,120,1790426038448
loss1,exp-4,1790426102708,1790426102830,0,122,1790426102826
loss1,exp-4,1790426167063,1790426168210,0,1147,1790426168206
loss1,exp-4,1790426231475,1790426231800,0,325,1790426231796
loss1,exp-5,1790425714656,1790425714780,0,124,1790425714776
loss1,exp-5,1790425779017,1790425780152,0,1135,1790425780148
loss1,exp-5,1790425843375,1790425843510,0,135,1790425843505
loss1,exp-5,1790425907764,1790425908262,0,498,1790425908257
loss1,exp-5,1790425971533,1790425971654,0,121,1790425971650
loss1,exp-5,1790426035905,1790426036019,0,114,1790426036015
loss1,exp-5,1790426099275,1790426099393,0,118,1790426099389
loss1,exp-5,1790426163626,1790426163744,0,118,1790426163739
loss1,exp-5,1790426228009,1790426228333,0,324,1790426228329
loss5,exp-1,1790426356080,1790426357624,0,1544,1790426357613
loss5,exp-1,1790426420882,1790426421199,0,317,1790426421194
loss5,exp-1,1790426484461,1790426485591,0,1130,1790426485587
loss5,exp-1,1790426548850,1790426549195,0,345,1790426549191
loss5,exp-1,1790426612443,1790426612768,0,325,1790426612763
loss5,exp-1,1790426677032,1790426677358,0,326,1790426677147
loss5,exp-1,1790426741594,1790426742732,0,1138,1790426742728
loss5,exp-1,1790426806002,1790426806533,0,531,1790426806529
loss5,exp-1,1790426870807,1790426870917,0,110,1790426870913
loss5,exp-2,1790426353648,1790426356784,0,3136,1790426356779
loss5,exp-2,1790426418041,1790426420221,0,2180,1790426420217
loss5,exp-2,1790426482483,1790426483632,0,1149,1790426483628
loss5,exp-2,1790426546891,1790426548022,0,1131,1790426548018
loss5,exp-2,1790426610271,1790426611396,0,1125,1790426611392
loss5,exp-2,1790426674660,1790426675391,0,731,1790426675386
loss5,exp-2,1790426738627,1790426738743,0,116,1790426738739
loss5,exp-2,1790426803013,1790426804150,0,1137,1790426804146
loss5,exp-2,1790426867422,1790426868539,0,1117,1790426868535
loss5,exp-3,1790426356674,1790426357013,0,339,1790426357009
loss5,exp-3,1790426420270,1790426420800,0,530,1790426420796
loss5,exp-3,1790426485062,1790426489016,0,3954,1790426489007
loss5,exp-3,1790426549275,1790426550621,0,1346,1790426550612
loss5,exp-3,1790426613870,1790426613987,0,117,1790426613984
loss5,exp-3,1790426678251,1790426679995,0,1744,1790426679991
loss5,exp-3,1790426743231,1790426743347,0,116,1790426743343
loss5,exp-3,1790426807617,1790426807737,0,120,1790426807733
loss5,exp-3,1790426872011,1790426872354,0,343,1790426872350
loss5,exp-4,1790426360424,1790426360539,0,115,1790426360535
loss5,exp-4,1790426424796,1790426424913,0,117,1790426424909
loss5,exp-4,1790426489175,1790426489294,0,119,1790426489290
loss5,exp-4,1790426553553,1790426554690,0,1137,1790426554686
loss5,exp-4,1790426617938,1790426618056,0,118,1790426618052
loss5,exp-4,1790426681319,1790426681451,0,132,1790426681447
loss5,exp-4,1790426745687,1790426745803,0,116,1790426745799
loss5,exp-4,1790426810072,1790426810401,0,329,1790426810191
loss5,exp-4,1790426874673,1790426874812,0,139,1790426874808
loss5,exp-5,1790426356951,1790426358486,0,1535,1790426358481
loss5,exp-5,1790426420742,1790426422077,0,1335,1790426422073
loss5,exp-5,1790426484339,1790426484668,0,329,1790426484664
loss5,exp-5,1790426548927,1790426550072,0,1145,1790426550067
loss5,exp-5,1790426612321,1790426612440,0,119,1790426612436
loss5,exp-5,1790426676704,1790426676817,0,113,1790426676814
loss5,exp-5,1790426741053,1790426741584,0,531,1790426741580
loss5,exp-5,1790426805854,1790426805975,0,121,1790426805971
loss5,exp-5,1790426870248,1790426871595,0,1347,1790426871591
delay50_loss5,exp-1,1790426999537,1790427001282,0,1745,1790427001229
delay50_loss5,exp-1,1790427063554,1790427066043,0,2489,1790427065990
delay50_loss5,exp-1,1790427127301,1790427129028,0,1727,1790427128975
delay50_loss5,exp-1,1790427191346,1790427193105,0,1759,1790427193052
delay50_loss5,exp-1,1790427255372,1790427256998,0,1626,1790427256944
delay50_loss5,exp-1,1790427320344,1790427324188,0,3844,1790427324134
delay50_loss5,exp-1,1790427384484,1790427386096,0,1612,1790427386042
delay50_loss5,exp-1,1790427448493,1790427450643,0,2150,1790427450590
delay50_loss5,exp-1,1790427512902,1790427514742,0,1840,1790427514688
delay50_loss5,exp-2,1790426996151,1790426997452,0,1301,1790426997398
delay50_loss5,exp-2,1790427060724,1790427062023,0,1299,1790427061970
delay50_loss5,exp-2,1790427124280,1790427125886,0,1606,1790427125833
delay50_loss5,exp-2,1790427189204,1790427192146,0,2942,1790427192093
delay50_loss5,exp-2,1790427253413,1790427254715,0,1302,1790427254661
delay50_loss5,exp-2,1790427318062,1790427319359,0,1297,1790427319305
delay50_loss5,exp-2,1790427382654,1790427386455,0,3801,1790427386402
delay50_loss5,exp-2,1790427446852,1790427448162,0,1310,1790427448109
delay50_loss5,exp-2,1790427510421,1790427512460,0,2039,1790427512406
delay50_loss5,exp-3,1790427000966,1790427004373,0,3407,1790427004319
delay50_loss5,exp-3,1790427064645,1790427067515,0,2870,1790427067461
delay50_loss5,exp-3,1790427128771,1790427130521,0,1750,1790427130468
delay50_loss5,exp-3,1790427192839,1790427194136,0,1297,1790427194082
delay50_loss5,exp-3,1790427256402,1790427257833,0,1431,1790427257779
delay50_loss5,exp-3,1790427321179,1790427324877,0,3698,1790427324824
delay50_loss5,exp-3,1790427386173,1790427387802,0,1629,1790427387747
delay50_loss5,exp-3,1790427451198,1790427453523,0,2325,1790427453469
delay50_loss5,exp-3,1790427515781,1790427517845,0,2064,1790427517343
delay50_loss5,exp-4,1790427003432,1790427005458,0,2026,1790427005404
delay50_loss5,exp-4,1790427067729,1790427069163,0,1434,1790427069109
delay50_loss5,exp-4,1790427131419,1790427133051,0,1632,1790427132998
delay50_loss5,exp-4,1790427195369,1790427197693,0,2324,1790427197640
delay50_loss5,exp-4,1790427259960,1790427264815,0,4855,1790427264761
delay50_loss5,exp-4,1790427324161,1790427326690,0,2529,1790427326429
delay50_loss5,exp-4,1790427388986,1790427390727,0,1741,1790427390673
delay50_loss5,exp-4,1790427453124,1790427454564,0,1440,1790427454510
delay50_loss5,exp-4,1790427517822,1790427519434,0,1612,1790427519380
delay50_loss5,exp-5,1790426999204,1790427002585,0,3381,1790427002530
delay50_loss5,exp-5,1790427063856,1790427065461,0,1605,1790427065408
delay50_loss5,exp-5,1790427127718,1790427129604,0,1886,1790427129550
delay50_loss5,exp-5,1790427191921,1790427194235,0,2314,1790427194182
delay50_loss5,exp-5,1790427255502,1790427257828,0,2326,1790427257775
delay50_loss5,exp-5,1790427320175,1790427323091,0,2916,1790427322585
delay50_loss5,exp-5,1790427384388,1790427386408,0,2020,1790427386354
delay50_loss5,exp-5,1790427448804,1790427451478,0,2674,1790427451423
delay50_loss5,exp-5,1790427512737,1790427515794,0,3057,1790427515741
loss20,exp-1,1790427641532,1790427644347,0,2815,1790427644342
loss20,exp-1,1790427705713,1790427707911,0,2198,1790427707907
loss20,exp-1,1790427770219,1790427772387,0,2168,1790427772383
loss20,exp-1,1790427834747,1790427839518,1,4771,
loss20,exp-1,1790427898806,1790427900150,0,1344,1790427900147
loss20,exp-1,1790427962518,1790427967322,0,4804,1790427967318
loss20,exp-1,1790428026621,1790428031374,1,4753,
loss20,exp-1,1790428090730,1790428100204,0,9474,
loss20,exp-1,1790428154541,1790428155300,0,759,1790428155288
loss20,exp-2,1790427639254,1790427640802,0,1548,1790427640797
loss20,exp-2,1790427704170,1790427711853,0,7683,
loss20,exp-2,1790427769163,1790427771730,0,2567,1790427771716
loss20,exp-2,1790427834090,1790427841750,0,7660,1790427841746
loss20,exp-2,1790427899038,1790427900790,0,1752,1790427900786
loss20,exp-2,1790427964158,1790427968867,1,4709,
loss20,exp-2,1790428029167,1790428034939,0,5772,1790428034935
loss20,exp-2,1790428094295,1790428099949,0,5654,1790428099938
loss20,exp-2,1790428159286,1790428163897,0,4611,1790428163894
loss20,exp-3,1790427644634,1790427650129,0,5495,1790427650118
loss20,exp-3,1790427708496,1790427709887,0,1391,1790427709883
loss20,exp-3,1790427773197,1790427778548,0,5351,1790427778543
loss20,exp-3,1790427837907,1790427839700,0,1793,1790427839696
loss20,exp-3,1790427901988,1790427913787,0,11799,1790427913783
loss20,exp-3,1790427963965,1790427969161,0,5196,1790427969157
loss20,exp-3,1790428027461,1790428037934,0,10473,
loss20,exp-3,1790428092289,1790428096106,0,3817,1790428096102
loss20,exp-3,1790428156443,1790428159464,0,3021,1790428158007
loss20,exp-4,1790427646221,1790427651067,0,4846,1790427651063
loss20,exp-4,1790427710434,1790427720474,1,10040,1790427720469
loss20,exp-4,1790427772628,1790427774410,0,1782,1790427774406
loss20,exp-4,1790427836770,1790427841751,1,4981,
loss20,exp-4,1790427901038,1790427901578,0,540,1790427901574
loss20,exp-4,1790427965945,1790427972188,0,6243,1790427971977
loss20,exp-4,1790428029487,1790428032046,0,2559,1790428032042
loss20,exp-4,1790428093401,1790428097539,0,4138,1790428097535
loss20,exp-4,1790428157875,1790428162293,0,4418,1790428162288
loss20,exp-5,1790427641587,1790427648981,0,7394,1790427648976
loss20,exp-5,1790427706348,1790427714370,0,8022,1790427714111
loss20,exp-5,1790427770680,1790427772054,0,1374,1790427772040
loss20,exp-5,1790427834414,1790427836226,0,1812,1790427836223
loss20,exp-5,1790427898514,1790427899658,0,1144,1790427899654
loss20,exp-5,1790427963025,1790427966016,0,2991,1790427966013
loss20,exp-5,1790428027316,1790428029075,0,1759,1790428029072
loss20,exp-5,1790428091431,1790428095195,0,3764,1790428095192
loss20,exp-5,1790428155532,1790428159102,0,3570,1790428159098
